t_ms,ibi_ms_ecg1,ibi_ms_ecg2
0,830.0,1070.4982
500,805.6553,891.9036
1000,782.5462,838.7348
1500,764.935,861.8435
2000,755.3096,912.0812
2500,741.3647,942.5569
3000,724.0253,927.5351
3500,738.5409,861.1927
4000,759.524,785.803
4500,752.4907,748.5202
5000,728.9757,752.8407
5500,725.5627,799.6993
6000,752.3914,887.1663
6500,764.0167,965.8617
7000,760.5793,993.0652
7500,777.5615,956.4399
8000,857.8323,893.6934
8500,933.0484,888.89
9000,941.5879,941.7187
9500,935.8875,975.7065
10000,938.425,971.336
10500,914.8768,939.1917
11000,874.2379,887.2837
11500,865.1205,827.1676
12000,865.6393,794.5453
12500,822.0517,798.5331
13000,764.4728,765.5469
13500,731.7964,722.1599
14000,721.8833,757.0587
14500,731.2624,805.8365
15000,755.1016,827.4214
15500,780.8159,841.5784
16000,814.6688,864.6725
16500,863.5112,885.9639
17000,912.429,856.7501
17500,948.035,800.398
18000,962.9762,788.2878
18500,967.5978,813.2468
19000,974.7679,842.1317
19500,974.0847,856.4085
20000,954.9438,842.4048
20500,935.4862,801.6265
21000,930.5989,799.3747
21500,917.9907,859.6849
22000,880.3733,894.7575
22500,832.2087,892.4865
23000,791.6791,890.3858
23500,772.8768,881.8755
24000,756.0371,850.8189
24500,717.7577,796.1818
25000,697.6563,746.1605
25500,703.1785,757.3703
26000,707.1463,787.904
26500,699.1903,777.7646
27000,710.9544,743.7113
27500,754.7498,699.8944
28000,788.3245,657.9826
28500,810.3341,639.8125
29000,824.7301,631.9285
29500,824.7173,617.7291
30000,811.2877,631.6226
30500,791.666,746.1039
31000,778.5933,854.3992
31500,770.4882,905.5126
32000,754.6036,922.4327
32500,732.4779,887.9787
33000,716.3715,807.7263
33500,721.6479,750.4688
34000,739.6996,747.9445
34500,760.8652,776.1797
35000,782.2303,797.0661
35500,801.3278,803.3858
36000,803.1069,824.385
36500,769.2686,825.8006
37000,723.947,780.5093
37500,701.5518,738.7193
38000,721.3001,702.826
38500,736.2027,645.9873
39000,731.9488,620.1266
39500,745.9176,596.0613
40000,758.0978,574.4283
40500,747.7164,611.9224
41000,718.6172,589.7674
41500,711.2432,615.7852
42000,722.4389,635.8218
42500,716.0636,648.8993
43000,706.4475,679.7987
43500,707.5123,640.2192
44000,716.98,623.3475
44500,718.4614,644.3739
45000,728.6929,667.6477
45500,752.7163,685.7486
46000,765.113,693.5799
46500,769.9475,670.0855
47000,773.7416,641.3598
47500,774.6872,658.9263
48000,773.2255,682.2281
48500,760.267,719.4422
49000,719.8113,762.4604
49500,701.1437,773.8106
50000,725.8549,774.6023
50500,731.0164,763.5741
51000,738.9927,725.989
51500,772.6719,704.0318
52000,814.2077,696.7821
52500,838.7741,674.3867
53000,838.3252,692.9758
53500,826.7683,711.4828
54000,815.2554,684.7515
54500,807.9721,676.1926
55000,794.2941,737.4537
55500,771.6297,856.9142
56000,747.3377,963.1024
56500,713.9076,966.1458
57000,677.2795,887.2622
57500,667.8521,865.0798
58000,672.0162,918.4833
58500,668.2942,953.9039
59000,652.7543,956.4613
59500,650.8711,945.995
60000,749.094,919.5479
60500,881.5342,869.8831
61000,900.5849,801.1336
61500,854.4088,728.6824
62000,800.887,686.182
62500,770.7995,667.2185
63000,756.2591,644.0066
63500,743.3042,635.1838
64000,763.3152,680.1861
64500,803.3786,780.8723
65000,825.968,885.5647
65500,843.1553,926.2735
66000,868.5249,917.2502
66500,904.6777,908.4097
67000,933.4914,876.3157
67500,937.1238,801.9925
68000,924.5606,763.4373
68500,907.7006,788.4038
69000,893.5275,797.5086
69500,885.5952,788.9075
70000,883.3919,786.5045
70500,885.3172,775.5418
71000,887.9721,757.4267
71500,879.4701,744.4711
72000,852.4619,729.4283
72500,830.065,717.8627
73000,826.0191,723.7081
73500,824.505,732.4605
74000,818.4052,719.6019
74500,805.9937,676.8294
75000,768.3859,641.3426
75500,719.4009,626.454
76000,722.7751,621.3041
76500,739.1363,615.9827
77000,726.0212,622.1113
77500,723.0755,632.3362
78000,741.5994,642.2309
78500,776.9734,676.6936
79000,816.8365,743.8617
79500,820.387,744.0096
80000,785.8123,726.7698
80500,771.7014,745.6108
81000,768.04,730.592
81500,745.0947,765.214
82000,726.2382,875.3486
82500,724.8968,907.398
83000,730.4931,873.3105
83500,710.2471,839.3498
84000,683.6044,811.5019
84500,672.2913,786.8686
85000,648.6699,766.5923
85500,645.5133,734.8932
86000,653.2117,680.9216
86500,643.8812,636.283
87000,661.1513,608.1845
87500,685.1442,593.7272
88000,743.754,602.2213
88500,831.6292,618.7699
89000,837.2984,628.2586
89500,814.9107,697.7956
90000,835.8364,787.0946
90500,864.8694,759.2176
91000,882.2354,712.5438
91500,892.2973,729.547
92000,891.2174,816.6718
92500,876.8798,900.7024
93000,862.2203,944.9188
93500,846.0651,950.8487
94000,802.0273,937.0371
94500,743.9881,915.366
95000,710.3072,859.774
95500,688.0397,772.1094
96000,669.5582,735.5883
96500,664.1492,771.729
97000,652.0557,823.6731
97500,637.696,868.9542
98000,634.1277,896.6898
98500,660.6133,897.5344
99000,769.9399,873.3347
99500,850.9811,837.8377
100000,851.5876,833.5617
100500,851.7562,882.1352
101000,863.4136,930.9683
101500,871.1361,938.9665
102000,870.7102,891.1894
102500,860.2096,811.7122
103000,838.8987,745.5738
103500,815.0448,721.0293
104000,801.1778,726.3604
104500,801.8984,696.2668
105000,811.8851,667.7435
105500,815.1238,687.686
106000,809.2301,750.6421
106500,799.4712,887.9034
107000,789.3322,1020.1176
107500,779.2707,1028.1554
108000,768.7037,980.3063
108500,767.1341,961.8488
109000,768.5359,949.1604
109500,745.1604,904.029
110000,730.1143,836.565
110500,748.1777,765.8564
111000,760.087,705.4175
111500,758.9464,662.6643
112000,758.2875,637.5782
112500,770.8248,627.0694
113000,766.7322,662.8024
113500,733.1889,774.0481
114000,722.0578,924.2328
114500,733.3132,993.8609
115000,742.904,959.8757
115500,745.1254,883.9744
116000,739.4808,801.0006
116500,735.0632,728.8703
117000,748.9051,702.0095
117500,763.4458,732.1739
118000,764.3811,771.0127
118500,762.6398,792.6762
119000,765.8077,797.2746
119500,774.2399,801.6823
120000,781.0823,797.9774
120500,787.8428,778.7658
121000,795.1209,769.499
121500,794.1655,780.3707
122000,789.9028,799.2727
122500,789.0527,795.557
123000,773.4685,758.985
123500,749.2346,707.6941
124000,744.9088,665.9365
124500,749.879,650.0086
125000,753.6413,664.9361
125500,758.683,724.7373
126000,754.0496,817.0715
126500,739.2983,896.7096
127000,729.4268,903.4332
127500,723.538,845.097
128000,714.3296,765.7726
128500,700.5481,719.5416
129000,707.4147,717.1195
129500,706.1775,695.5729
130000,661.262,652.1811
130500,647.2318,625.9458
131000,647.5024,643.2173
131500,637.4554,641.6391
132000,641.092,630.037
132500,646.1916,662.8613
133000,658.2236,752.7835
133500,669.484,834.8274
134000,674.9077,900.8769
134500,701.5593,944.9843
135000,733.4952,943.8696
135500,756.8302,922.0994
136000,773.833,924.6318
136500,791.2059,916.429
137000,797.5442,847.8498
137500,777.1968,781.6964
138000,742.9976,771.6019
138500,711.0402,752.3024
139000,691.6244,715.9028
139500,680.5863,707.7533
140000,669.9119,709.5932
140500,658.8265,781.1505
141000,660.4028,965.5245
141500,668.2811,1079.0606
142000,702.4144,1080.4104
142500,774.3744,1051.1383
143000,807.3951,1025.8364
143500,814.2367,999.8867
144000,827.7285,972.4957
144500,825.7106,948.3268
145000,807.1876,928.7555
145500,790.8785,910.8252
146000,785.9965,891.3011
146500,793.2584,866.2263
147000,804.5869,823.6358
147500,810.0703,754.2029
148000,804.3958,689.6563
148500,794.6817,657.9788
149000,784.597,650.701
149500,772.9157,640.0765
150000,757.8412,762.6724
150500,740.5037,1051.0242
151000,725.9962,1123.0644
151500,717.8107,1021.3149
152000,712.5467,959.3552
152500,703.2343,966.7616
153000,706.0174,966.2723
153500,716.5453,947.755
154000,717.7375,935.1217
154500,731.7393,902.0582
155000,751.5342,814.6349
155500,751.4165,740.6921
156000,719.8013,746.179
156500,686.3035,779.0311
157000,681.0137,779.7608
157500,691.7459,730.4237
158000,696.225,703.4484
158500,694.1725,715.3787
159000,698.2788,721.9749
159500,690.87,711.7602
160000,675.1963,727.4775
160500,667.9208,790.5178
161000,676.5145,825.545
161500,682.3476,830.2474
162000,689.2983,828.6083
162500,707.9673,814.1102
163000,723.7011,778.0862
163500,735.0494,719.7304
164000,744.0943,671.4522
164500,749.7606,654.1927
165000,747.9833,662.2565
165500,743.9902,724.4581
166000,744.3842,834.9534
166500,727.9216,945.6866
167000,705.3528,995.0265
167500,704.5809,988.5446
168000,696.3408,965.7637
168500,684.804,922.686
169000,690.414,844.1442
169500,704.3201,786.2145
170000,724.6317,812.3532
170500,749.2862,887.3038
171000,771.9834,959.3443
171500,787.052,992.3229
172000,789.0005,991.8474
172500,772.3376,984.6769
173000,732.5973,976.4526
173500,692.8503,960.7674
174000,689.7436,920.6804
174500,689.9401,843.4637
175000,677.2237,777.5649
175500,666.4856,774.3139
176000,672.4202,800.3078
176500,701.086,823.7185
177000,735.6064,839.0938
177500,741.4962,850.5895
178000,696.7384,850.5484
178500,666.6656,803.6744
179000,697.3075,728.6932
179500,694.5594,686.2981
180000,684.7366,671.1292
180500,687.6771,668.2871
181000,673.8003,671.3754
181500,652.3053,645.3236
182000,633.4751,620.4407
182500,628.6795,637.0092
183000,635.4729,665.0511
183500,610.5125,627.4363
184000,605.2051,637.8365
184500,614.3987,667.0837
185000,607.475,626.7367
185500,619.9994,610.4552
186000,669.6263,609.3989
186500,750.2469,611.4686
187000,829.8631,602.6794
187500,878.4231,581.0344
188000,891.0198,581.1626
188500,882.7857,594.5896
189000,875.0504,620.357
189500,866.1898,649.6606
190000,851.9162,685.5268
190500,839.4965,714.1668
191000,829.5107,686.081
191500,813.4042,673.7269
192000,794.6431,705.7831
192500,782.2367,746.0436
193000,780.8535,801.8062
193500,787.4793,861.2961
194000,795.0904,906.7457
194500,811.3194,934.8342
195000,831.6289,930.0283
195500,830.8005,871.1841
196000,819.4478,807.9186
196500,819.209,812.7839
197000,824.1308,844.07
197500,830.1745,861.9696
198000,840.2508,907.6781
198500,843.4197,954.3746
199000,830.18,927.1781
199500,812.713,850.5844
200000,798.5951,782.5812
200500,786.1062,737.9252
201000,776.2861,719.5624
201500,767.1389,737.4828
202000,748.3868,825.7061
202500,728.0275,955.2336
203000,720.3338,984.3994
203500,721.761,930.5856
204000,734.0759,897.0747
204500,748.591,894.0292
205000,733.0908,884.9569
205500,727.6517,835.7883
206000,760.5946,746.1105
206500,779.5016,700.2402
207000,786.2703,703.9053
207500,788.172,691.3959
208000,761.4218,717.5643
208500,736.7885,746.6759
209000,750.3055,715.13
209500,770.9855,679.9548
210000,766.4648,657.617
210500,736.7336,682.0
211000,741.363,814.4924
211500,763.5637,940.0955
212000,755.4393,1000.9098
212500,743.3988,1010.2585
213000,731.7528,971.1612
213500,714.3276,889.2131
214000,715.6293,806.3136
214500,711.5246,764.4606
215000,687.2127,750.3954
215500,700.2849,737.3909
216000,712.7735,708.199
216500,703.961,687.8927
217000,714.0149,709.7975
217500,735.3459,781.777
218000,757.5687,854.2266
218500,775.1103,873.4187
219000,778.0157,815.1306
219500,776.2846,754.5574
220000,777.2651,744.3006
220500,743.3018,729.0711
221000,699.766,728.4748
221500,705.2437,783.3947
222000,708.4668,853.4876
222500,705.1392,883.771
223000,712.5057,849.2555
223500,684.0667,808.3071
224000,670.4306,804.2781
224500,694.4192,834.4099
225000,692.0248,838.3795
225500,684.4891,778.2415
226000,691.2681,761.2338
226500,697.4268,805.2636
227000,671.4876,811.5904
227500,672.3857,792.6561
228000,700.9959,794.1631
228500,703.6865,846.74
229000,711.9161,915.276
229500,727.2045,938.5806
230000,737.4424,891.0156
230500,742.2586,806.3071
231000,745.4766,808.543
231500,746.1477,885.6438
232000,739.5941,893.8537
232500,734.0752,881.119
233000,720.2321,927.9458
233500,682.7103,989.9842
234000,673.5888,1018.6678
234500,687.4107,997.218
235000,687.1062,939.1219
235500,703.4978,894.5634
236000,735.5715,885.8334
236500,766.5067,891.3056
237000,781.1741,889.3968
237500,767.0856,866.9298
238000,735.8553,854.0
238500,716.4764,883.1841
239000,704.6699,913.8182
239500,697.9603,917.2692
240000,700.4372,916.3806
240500,694.5752,905.7908
241000,690.9795,848.9227
241500,692.3363,763.1658
242000,659.7756,698.7662
242500,652.7436,673.6489
243000,673.9758,664.0
243500,668.9482,629.4974
244000,669.8043,631.609
244500,678.7666,744.0723
245000,687.2514,868.961
245500,694.3922,816.9979
246000,702.1426,740.6802
246500,702.663,759.6095
247000,696.0381,830.1051
247500,692.8983,886.929
248000,681.7298,888.607
248500,671.0457,842.3084
249000,663.2451,772.459
249500,624.0067,711.8464
250000,615.4582,670.776
250500,629.3071,653.8871
251000,621.6003,671.1754
251500,627.1678,715.0846
252000,648.3021,781.3753
252500,659.945,835.8905
253000,656.7248,788.5187
253500,657.4295,745.0529
254000,673.6007,844.8879
254500,677.2871,928.195
255000,667.5698,926.9171
255500,672.4036,908.8009
256000,715.4952,891.7696
256500,790.4842,870.4919
257000,861.1532,862.6018
257500,894.6453,875.8184
258000,917.9396,871.377
258500,945.3433,831.1609
259000,959.6113,773.525
259500,959.1474,720.7997
260000,956.5505,686.9664
260500,954.7677,653.9914
261000,950.4598,638.3962
261500,943.3415,657.1905
262000,934.9794,671.637
262500,928.2259,685.0418
263000,921.5992,688.4655
263500,891.2315,670.1766
264000,828.7163,648.2151
264500,790.9285,654.0439
265000,799.1335,670.7134
265500,799.4125,694.8177
266000,781.828,785.402
266500,764.9971,840.6255
267000,763.031,823.0754
267500,749.3661,792.2667
268000,693.9323,786.4408
268500,684.1277,807.6174
269000,711.914,810.8824
269500,700.4534,799.382
270000,692.2648,792.6627
270500,712.436,763.4676
271000,748.3171,713.9094
271500,769.2879,679.2236
272000,786.3574,653.7095
272500,799.874,645.1748
273000,789.1408,656.8006
273500,768.5817,646.6958
274000,752.4357,758.5709
274500,733.9204,925.6791
275000,719.6134,955.8561
275500,706.0077,908.7801
276000,665.1066,857.5134
276500,650.0509,847.3876
277000,666.1019,872.4572
277500,647.0361,885.9966
278000,633.3464,855.8657
278500,626.1819,777.0669
279000,650.0316,704.9693
279500,728.3372,669.6009
280000,794.0968,656.3334
280500,878.4029,671.3918
281000,961.4328,747.4608
281500,955.8239,867.4379
282000,904.2983,914.3185
282500,889.0453,877.0279
283000,898.7332,795.8572
283500,899.5338,723.521
284000,888.8799,689.0303
284500,870.2056,686.2411
285000,846.9449,755.3217
285500,822.532,873.3608
286000,799.6476,949.7239
286500,775.5558,989.2353
287000,748.2901,1000.9585
287500,723.6742,962.2621
288000,711.4917,883.2224
288500,711.8185,828.8168
289000,696.85,822.5077
289500,670.6485,823.8373
290000,656.087,804.7619
290500,668.5424,765.0901
291000,705.578,764.3077
291500,759.3369,805.1203
292000,815.6294,823.4575
292500,850.7572,850.1416
293000,857.2924,891.2735
293500,838.6972,863.0395
294000,805.5565,790.4941
294500,776.9765,771.7042
295000,776.95,817.2742
295500,793.6294,894.9742
296000,806.5715,960.2206
296500,814.0837,966.1792
297000,807.6378,881.7428
297500,777.9897,784.8335
298000,737.4151,767.2415
298500,704.2394,763.8252
299000,693.9985,736.0944
299500,700.3483,750.7544
300000,710.9463,826.7963
300500,722.8115,922.5985
301000,754.1714,954.2672
301500,803.5831,937.8935
302000,851.7571,929.3391
302500,874.4814,913.6112
303000,866.0682,861.4168
303500,833.9642,785.2093
304000,783.9343,711.5031
304500,734.5756,672.7821
305000,731.1358,649.712
305500,743.2337,619.3107
306000,716.5265,631.6893
306500,694.2035,679.0462
307000,682.7993,705.4308
307500,673.4886,732.7201
308000,687.7555,865.6804
308500,692.889,982.5611
309000,688.7167,1005.0756
309500,709.9231,970.3501
310000,744.5648,925.3368
310500,765.4414,915.8587
311000,760.5709,925.3875
311500,747.1598,900.7343
312000,734.948,856.2891
312500,720.6022,827.0178
313000,690.1873,794.4198
313500,661.4376,745.9628
314000,654.1242,712.4252
314500,660.9382,706.8369
315000,647.7729,718.0038
315500,647.9015,718.2642
316000,685.1204,697.1729
316500,723.3634,663.2371
317000,740.7279,636.1705
317500,729.7826,619.0864
318000,710.2271,605.5652
318500,725.662,603.252
319000,739.5,624.3919
319500,739.0405,631.2928
320000,771.3918,644.8227
320500,813.8806,640.09
321000,848.9104,615.4332
321500,886.557,626.6796
322000,912.1534,623.8638
322500,911.9016,627.5209
323000,899.6964,646.822
323500,887.3553,655.8325
324000,876.2562,643.6037
324500,858.8092,632.356
325000,821.8322,629.2246
325500,768.8125,627.1405
326000,718.7598,625.785
326500,711.2074,652.8328
327000,718.7787,751.2836
327500,688.5154,807.9872
328000,689.9265,751.516
328500,727.6224,696.1726
329000,754.9322,693.1355
329500,749.7629,746.8246
330000,758.6937,840.687
330500,793.2816,916.0754
331000,789.4751,944.2309
331500,771.2154,950.5685
332000,775.5643,939.7502
332500,794.0234,902.0341
333000,820.2756,859.9376
333500,839.3691,847.681
334000,806.5791,860.7911
334500,748.6675,878.1583
335000,745.8745,874.1668
335500,755.8463,839.883
336000,740.3246,787.8786
336500,730.6566,739.0615
337000,725.8354,712.8731
337500,718.5642,706.4782
338000,711.9737,710.7924
338500,703.3931,707.8214
339000,695.7273,674.9656
339500,694.6559,755.9545
340000,690.4586,957.104
340500,688.6738,970.4754
341000,695.4205,880.7057
341500,700.6242,869.6109
342000,709.6466,895.0147
342500,718.4026,885.0384
343000,718.5805,844.1982
343500,729.0325,785.9149
344000,751.8894,725.1062
344500,773.1045,711.8436
345000,776.3715,758.2463
345500,768.5167,746.0391
346000,765.8623,710.8718
346500,776.9119,732.2009
347000,793.6382,779.5026
347500,796.2575,788.7628
348000,763.4499,736.3278
348500,719.091,679.8493
349000,711.0596,655.5092
349500,708.6527,665.2958
350000,694.5153,684.2978
350500,682.3217,705.1547
351000,676.1295,720.7291
351500,664.1046,724.452
352000,649.9785,718.2244
352500,657.7383,699.7666
353000,657.9034,676.8994
353500,644.0293,672.3093
354000,643.6074,693.323
354500,674.8874,718.1945
355000,689.1268,738.2265
355500,709.0199,796.9171
356000,759.0721,852.5627
356500,817.0023,864.9467
357000,846.3307,860.1423
357500,837.2098,836.0894
358000,807.2136,778.6852
358500,779.9479,736.8358
359000,767.804,746.8868
359500,755.1238,779.1417
360000,738.2747,797.4292
360500,723.9193,784.4877
361000,716.0949,757.8475
361500,719.8133,731.4261
362000,735.5592,710.7622
362500,749.0065,691.3818
363000,729.739,664.6574
363500,685.9086,632.7434
364000,693.471,618.4848
364500,705.6131,619.3501
365000,689.8725,603.3448
365500,692.4556,584.4725
366000,709.8664,615.8244
366500,727.5447,652.6899
367000,740.7302,654.8391
367500,758.6602,713.8024
368000,772.9315,824.9876
368500,777.1583,863.9981
369000,780.7701,884.0969
369500,769.1166,922.5486
370000,737.5175,961.8337
370500,727.2298,969.5388
371000,729.2285,919.7299
371500,720.5403,865.7459
372000,726.8734,869.8628
372500,737.867,892.8792
373000,736.6646,884.9092
373500,732.8646,841.8048
374000,723.6082,787.2633
374500,707.6354,765.4328
375000,693.865,757.596
375500,682.8775,726.8037
376000,672.9559,688.4817
376500,664.9978,665.7736
377000,666.9668,675.7984
377500,703.6312,724.4948
378000,756.515,819.4661
378500,778.4591,912.4426
379000,822.8051,920.2908
379500,879.1846,855.7684
380000,886.0158,767.6906
380500,874.851,727.5286
381000,877.0917,746.4707
381500,869.9318,763.6048
382000,849.1689,758.8886
382500,835.7349,732.8895
383000,821.4504,693.9131
383500,791.1288,650.7014
384000,767.5075,643.3432
384500,749.6077,699.4586
385000,704.5023,731.0863
385500,680.9749,749.7872
386000,693.9517,776.7259
386500,680.1761,784.9719
387000,673.4695,755.4729
387500,671.1544,700.0415
388000,662.4529,662.4888
388500,697.8957,652.1908
389000,717.0041,651.2446
389500,770.47,644.1188
390000,937.095,649.9292
390500,1044.6281,648.4431
391000,1038.3714,634.5567
391500,975.7634,616.6455
392000,911.9368,588.5823
392500,894.7095,594.7583
393000,911.6676,587.8964
393500,911.2,573.1687
394000,880.5339,594.8623
394500,830.1128,634.4542
395000,795.6483,689.0073
395500,796.2746,749.3606
396000,805.4342,779.096
396500,818.5567,770.0514
397000,842.3512,762.6624
397500,852.7852,757.8936
398000,846.3268,744.4066
398500,853.048,719.3364
399000,869.9449,677.4197
399500,877.2241,637.3696
400000,874.5966,640.4888
400500,857.1805,631.6053
401000,803.9242,610.861
401500,741.8975,624.5789
402000,733.0827,692.7322
402500,743.8515,802.8305
403000,740.3414,848.7813
403500,742.5797,809.3807
404000,752.3688,781.1485
404500,763.1322,814.6087
405000,767.4211,905.3628
405500,754.8652,981.2851
406000,738.0737,1012.0882
406500,752.6483,1008.0001
407000,769.0282,980.1393
407500,760.6993,939.3646
408000,742.679,894.9517
408500,732.5542,852.811
409000,735.3561,797.6998
409500,739.3332,718.9428
410000,748.9728,671.3727
410500,763.0119,659.5678
411000,766.4275,658.2882
411500,762.0496,833.628
412000,756.715,1014.0065
412500,752.5996,1007.3442
413000,744.3932,956.0683
413500,728.9709,949.6825
414000,710.5666,960.3473
414500,689.8861,955.7501
415000,674.1135,910.3798
415500,673.1538,830.54
416000,664.5307,754.8183
416500,655.0005,750.0279
417000,663.6742,852.7208
417500,684.078,929.6129
418000,706.0381,929.5548
418500,724.5731,907.8288
419000,740.9703,894.353
419500,756.4342,899.2329
420000,741.0088,908.5204
420500,699.9037,903.411
421000,697.195,875.1242
421500,704.8614,825.1775
422000,699.9208,769.5042
422500,706.7036,716.1856
423000,730.277,668.0115
423500,724.8475,644.4707
424000,674.3741,632.21
424500,680.7444,612.3633
425000,705.1381,623.5318
425500,701.9946,633.0944
426000,709.5335,677.1388
426500,718.7532,805.6317
427000,722.4206,971.8731
427500,723.8307,1020.0799
428000,722.6317,948.501
428500,703.5934,890.1031
429000,669.358,880.7945
429500,658.4819,873.7338
430000,655.5,871.5866
430500,652.1676,890.6816
431000,657.4824,879.5675
431500,662.4626,817.7764
432000,676.0777,787.9513
432500,719.4458,811.8965
433000,797.4673,832.0306
433500,877.5,826.0077
434000,930.6553,801.2491
434500,948.1058,792.0907
435000,955.2859,778.7721
435500,965.0411,719.6472
436000,967.9891,682.1409
436500,961.0397,690.4817
437000,949.273,702.4389
437500,937.4786,744.3173
438000,929.2045,792.8227
438500,919.57,810.1292
439000,900.2301,813.7201
439500,882.5781,802.9072
440000,879.9111,769.9734
440500,867.7189,737.285
441000,834.546,715.2238
441500,826.7723,694.885
442000,852.5381,678.6238
442500,868.1765,677.2548
443000,865.4736,689.6283
443500,855.1,679.4026
444000,849.0991,668.4431
444500,840.7561,676.7781
445000,797.9808,695.3392
445500,743.1051,746.4282
446000,723.9666,805.8007
446500,725.8306,841.5358
447000,741.0823,859.8329
447500,780.3343,863.9167
448000,830.2849,851.4386
448500,879.8935,813.3891
449000,917.0744,756.3133
449500,894.4881,713.9355
450000,806.0735,699.3751
450500,760.9208,706.6295
451000,784.967,714.4309
451500,785.8659,644.8079
452000,774.8175,679.3475
452500,779.1317,1148.457
453000,776.9709,1296.4774
453500,766.1762,952.923
454000,756.4533,608.5495
454500,750.8569,588.7276
455000,734.753,620.7806
455500,701.2883,604.783
456000,694.6975,590.155
456500,702.1246,604.1057
457000,696.1479,631.64
457500,702.8822,657.9533
458000,709.2644,664.6371
458500,716.793,675.9087
459000,742.5136,712.8601
459500,734.8827,762.5757
460000,710.9539,816.6542
460500,718.1416,846.4752
461000,716.4017,831.047
461500,731.0772,819.5375
462000,782.6103,826.8908
462500,800.2174,809.0497
463000,802.2009,767.7859
463500,819.8056,731.1943
464000,822.3816,725.6561
464500,810.2029,728.8758
465000,804.2131,705.7452
465500,795.6905,702.2804
466000,779.6645,717.052
466500,766.6948,740.3328
467000,755.3931,816.6603
467500,737.8504,896.0505
468000,708.7386,929.7108
468500,687.4661,941.5321
469000,686.3135,944.863
469500,677.4526,938.0479
470000,658.1219,915.101
470500,648.3565,870.8014
471000,661.8214,822.4927
471500,671.6607,789.498
472000,684.3562,758.041
472500,723.3987,715.4954
473000,791.4699,666.2503
473500,841.3349,632.1196
474000,848.2421,626.5949
474500,817.6552,654.9214
475000,792.9924,741.5636
475500,781.8127,822.7786
476000,748.9666,850.05
476500,718.928,833.4791
477000,711.6043,830.0073
477500,696.35,867.2367
478000,681.9988,895.0177
478500,680.027,898.4654
479000,677.2564,890.7846
479500,653.565,848.9212
480000,640.6813,758.4591
480500,654.3164,686.3898
481000,654.111,664.7774
481500,674.784,654.8798
482000,721.7228,659.6219
482500,766.7698,697.6698
483000,783.6663,755.1146
483500,788.0874,783.9965
484000,795.179,843.3799
484500,803.015,931.314
485000,777.7552,944.5114
485500,724.4668,911.9787
486000,713.3976,907.3274
486500,715.1966,906.6294
487000,697.1534,871.0367
487500,700.6769,813.0452
488000,707.0926,757.0331
488500,701.5024,727.5837
489000,695.5753,697.7907
489500,691.9081,644.0551
490000,696.7718,639.8445
490500,715.3151,640.5864
491000,746.2897,638.0821
491500,799.8835,707.2772
492000,866.6844,810.2433
492500,913.4344,862.365
493000,922.3534,848.837
493500,892.1313,837.7357
494000,848.1835,835.59
494500,813.0422,822.9261
495000,797.2163,804.4289
495500,795.9898,773.5972
496000,794.825,711.0444
496500,784.3128,663.8473
497000,766.7604,663.6857
497500,754.6525,661.6199
498000,737.4462,669.8273
498500,716.9596,705.903
499000,727.7323,743.2461
499500,756.3068,720.0772
500000,770.5172,693.3073
500500,752.9446,697.9732
501000,734.306,687.6467
501500,728.0533,662.07
502000,704.4268,647.4439
502500,689.9518,670.9677
503000,694.0024,731.4745
503500,687.8581,780.6074
504000,687.8292,800.9402
504500,699.8179,807.7742
505000,715.9147,806.6502
505500,732.4869,797.9737
506000,754.9359,781.3446
506500,780.8428,770.7723
507000,796.8639,768.7734
507500,799.4223,750.6489
508000,794.5818,729.243
508500,794.5073,724.3458
509000,789.8082,722.9216
509500,770.7103,733.1502
510000,749.8198,746.1535
510500,739.8179,711.226
511000,736.9855,670.4628
511500,699.1989,663.9367
512000,651.1899,669.2114
512500,643.1472,679.5075
513000,649.1327,715.6503
513500,647.6623,781.804
514000,644.1347,833.8976
514500,653.4272,851.345
515000,678.5508,838.6522
515500,735.171,823.3811
516000,806.1067,814.289
516500,861.4018,802.274
517000,893.2328,765.6578
517500,893.1564,711.2259
518000,860.1754,687.7658
518500,837.2682,689.4607
519000,853.733,690.0414
519500,873.1642,677.8175
520000,874.1126,656.7307
520500,861.6259,652.5017
521000,843.8609,658.5272
521500,822.4159,625.9574
522000,770.2566,662.7972
522500,701.5897,718.1077
523000,693.9853,757.6591
523500,702.0452,883.2243
524000,680.9288,954.1322
524500,676.8994,916.0913
525000,685.2322,869.632
525500,693.6375,834.8194
526000,689.6964,776.2375
526500,655.894,738.5172
527000,648.1287,768.9112
527500,673.6986,835.7717
528000,684.4563,907.18
528500,696.9081,955.8673
529000,702.6895,947.4258
529500,699.9643,882.8044
530000,701.986,823.1153
530500,698.4213,802.1414
531000,686.3305,808.5683
531500,671.608,815.8057
532000,657.9263,797.6254
532500,631.6177,750.4705
533000,616.5771,698.8328
533500,632.1206,678.3335
534000,630.9528,655.5279
534500,635.5625,668.7811
535000,679.6047,758.4715
535500,738.3717,796.9568
536000,765.8004,803.6442
536500,791.6218,835.3413
537000,809.0669,902.2565
537500,799.9975,961.1916
538000,781.8495,963.8501
538500,768.1865,939.2275
539000,762.8982,920.9642
539500,761.3168,906.5397
540000,756.6982,889.6153
540500,745.8755,869.0483
541000,742.4974,843.9383
541500,742.7448,812.4061
542000,723.371,766.6822
542500,707.6511,704.9951
543000,703.8974,665.7092
543500,689.0304,675.1804
544000,656.9652,716.6731
544500,647.2636,729.6396
545000,673.5383,730.1652
545500,665.7356,741.5339
546000,658.4237,694.6305
546500,662.7995,342.8321
547000,660.1685,579.4103
547500,652.6379,1029.2913
548000,646.2071,784.1533
548500,643.4352,771.2207
549000,644.1444,822.7039
549500,649.5522,790.9905
550000,664.73,775.1805
550500,687.6154,778.8467
551000,731.4611,775.2034
551500,807.8986,759.6354
552000,869.6559,744.0287
552500,900.1455,730.1399
553000,905.4066,684.6209
553500,876.6666,648.507
554000,819.0718,648.732
554500,775.1173,617.9397
555000,754.9068,605.6793
555500,729.5091,627.4709
556000,699.9,654.9581
556500,675.3934,679.1112
557000,660.6948,707.5662
557500,664.6702,695.8214
558000,661.7108,651.4823
558500,640.4589,629.1553
559000,655.4164,631.3939
559500,695.4825,642.0224
560000,743.8349,668.5468
560500,792.0369,707.1425
561000,828.1339,707.0217
561500,850.9179,693.2521
562000,868.199,679.3654
562500,894.6083,670.9041
563000,910.2006,718.0013
563500,876.2386,756.8718
564000,828.0,764.2702
564500,814.5056,807.0354
565000,811.8632,809.6959
565500,798.5187,768.2694
566000,783.1574,810.4569
566500,767.967,890.2694
567000,752.7113,922.5316
567500,743.0392,931.1392
568000,722.8009,924.9372
568500,682.0593,883.895
569000,677.9279,818.0192
569500,691.2313,759.4868
570000,689.2954,732.3246
570500,712.486,757.6394
571000,750.313,850.7217
571500,786.4607,943.9935
572000,816.105,964.483
572500,831.6268,945.0264
573000,831.1586,909.2419
573500,819.9744,836.7573
574000,808.2438,753.998
574500,800.7111,746.7225
575000,786.475,776.1673
575500,766.3773,777.5224
576000,750.5456,830.19
576500,739.4424,908.0961
577000,728.5337,925.4586
577500,713.7973,920.0296
578000,704.5691,923.4852
578500,691.9914,898.293
579000,666.493,838.7646
579500,674.798,791.9758
580000,689.8723,781.3954
580500,676.0843,805.8625
581000,658.5398,857.4382
581500,668.5347,918.1776
582000,689.0194,960.3405
582500,703.0814,974.3158
583000,736.0451,960.6954
583500,767.0113,912.5717
584000,780.2496,826.8847
584500,779.0732,740.9064
585000,773.1162,696.8411
585500,768.2555,701.4932
586000,764.6344,676.9383
586500,759.5578,657.376
587000,748.176,968.504
587500,727.1908,1227.8524
588000,712.1927,1152.2511
588500,706.4247,972.85
589000,694.1127,876.9128
589500,689.3052,840.3941
590000,683.5476,811.1242
590500,665.0381,763.5821
591000,674.3108,701.5652
591500,681.4506,654.4586
592000,678.9098,632.5205
592500,709.0887,617.826
593000,764.9759,592.8868
593500,816.8414,582.2291
594000,839.6861,587.8573
594500,830.6852,625.2835
595000,811.9056,668.528
595500,808.6721,674.4577
596000,805.0812,650.6323
596500,791.3689,658.2765
597000,777.8503,679.9569
597500,759.5309,683.5827
598000,737.0488,674.699
598500,739.1925,664.9924
599000,757.0882,651.7384
599500,768.5305,639.6219
600000,780.0087,652.6073
600500,775.0515,707.0024
601000,744.3575,777.7966
601500,736.1151,837.7962
602000,736.1919,871.5441
602500,710.664,844.9195
603000,718.3171,770.3983
603500,674.7784,737.252
604000,650.4121,746.8574
604500,1097.6864,753.6438
605000,1379.4098,786.0714
605500,1097.6863,814.1221
606000,697.4653,787.1332
606500,599.2683,759.8205
607000,647.2015,766.3547
607500,649.4047,793.9358
608000,656.4338,825.6431
608500,689.7051,853.356
609000,721.4466,877.8836
609500,745.1028,868.5429
610000,770.3704,803.8674
610500,785.7898,753.7003
611000,793.1456,761.6108
611500,797.3086,791.0732
612000,789.9175,800.3342
612500,778.0287,775.7864
613000,771.5219,756.0084
613500,737.3091,756.8806
614000,683.0454,763.6498
614500,664.061,736.1633
615000,672.1864,700.986
615500,677.4054,714.8003
616000,665.7103,749.2698
616500,656.4657,773.1752
617000,666.3825,765.9848
617500,689.2189,715.1259
618000,710.8357,667.799
618500,736.4243,664.5544
619000,763.6834,650.92
619500,785.0013,638.617
620000,796.3019,647.1824
620500,819.0653,659.8893
621000,849.2675,650.6159
621500,842.1145,644.4522
622000,817.3658,646.114
622500,813.2292,658.6511
623000,807.2208,701.0318
623500,780.4212,700.1123
624000,739.4788,675.2058
624500,719.6122,668.6633
625000,735.1062,654.9045
625500,739.2304,656.8086
626000,731.7852,679.4181
626500,728.1487,718.7397
627000,728.6536,781.7065
627500,731.0849,777.7204
628000,739.031,710.6726
628500,759.8517,691.1124
629000,780.0141,733.8258
629500,794.5916,806.3927
630000,812.2714,863.0474
630500,824.577,862.7444
631000,830.3138,806.3123
631500,847.8194,735.9833
632000,878.2666,686.3791
632500,910.4529,686.6634
633000,931.6082,759.0798
633500,935.9942,880.2948
634000,931.9932,985.9433
634500,923.9923,997.2297
635000,909.2114,946.2882
635500,888.6958,918.191
636000,867.5128,924.1488
636500,850.8825,935.0973
637000,844.025,921.577
637500,852.1603,854.1283
